ShippingPostalCode,Source
85259,Phoenix_Original
85254,Phoenix_Original
85226,Phoenix_Original
85226,Phoenix_Original
85296,Phoenix_Original
85233,Phoenix_Original
85395,Phoenix_Original
85335,Phoenix_Original
85255,Phoenix_Original
85259,Phoenix_Original
85308,Phoenix_Original
85085,Phoenix_Original
85254,Phoenix_Original
85254,Phoenix_Original
85085,Phoenix_Original
85048,Phoenix_Original
85254,Phoenix_Original
85142,Phoenix_Original
85323,Phoenix_Original
85395,Phoenix_Original
85340,Phoenix_Original
85213,Phoenix_Original
85296,Phoenix_Original
85310,Phoenix_Original
85260,Phoenix_Original
85383,Phoenix_Original
85283,Phoenix_Original
85302,Phoenix_Original
85020,Phoenix_Original
85388,Phoenix_Original
85142,Phoenix_Original
85083,Phoenix_Original
85053,Phoenix_Original
85024,Phoenix_Original
85254,Phoenix_Original
85282,Phoenix_Original
85258,Phoenix_Original
85249,Phoenix_Original
85326,Phoenix_Original
85028,Phoenix_Original
85048,Phoenix_Original
85308,Phoenix_Original
85015,Phoenix_Original
85282,Phoenix_Original
85225,Phoenix_Original
85204,Phoenix_Original
85331,Phoenix_Original
85392,Phoenix_Original
85018,Phoenix_Original
85282,Phoenix_Original
85392,Phoenix_Original
85040,Phoenix_Original
85020,Phoenix_Original
85286,Phoenix_Original
85266,Phoenix_Original
85212,Phoenix_Original
85323,Phoenix_Original
85203,Phoenix_Original
85258,Phoenix_Original
85281,Phoenix_Original
85323,Phoenix_Original
85202,Phoenix_Original
85023,Phoenix_Original
85254,Phoenix_Original
85339,Phoenix_Original
85323,Phoenix_Original
85032,Phoenix_Original
85015,Phoenix_Original
85255,Phoenix_Original
85295,Phoenix_Original
85018,Phoenix_Original
85259,Phoenix_Original
85233,Phoenix_Original
85308,Phoenix_Original
85281,Phoenix_Original
85207,Phoenix_Original
85260,Phoenix_Original
85050,Phoenix_Original
85338,Phoenix_Original
85213,Phoenix_Original
85022,Phoenix_Original
85029,Phoenix_Original
85308,Phoenix_Original
85254,Phoenix_Original
85379,Phoenix_Original
85020,Phoenix_Original
85050,Phoenix_Original
85234,Phoenix_Original
85286,Phoenix_Original
85284,Phoenix_Original
85032,Phoenix_Original
85007,Phoenix_Original
85226,Phoenix_Original
85048,Phoenix_Original
85085,Phoenix_Original
85234,Phoenix_Original
85259,Phoenix_Original
85326,Phoenix_Original
85250,Phoenix_Original
85224,Phoenix_Original
85305,Phoenix_Original
85255,Phoenix_Original
85029,Phoenix_Original
85053,Phoenix_Original
85262,Phoenix_Original
85045,Phoenix_Original
85338,Phoenix_Original
85339,Phoenix_Original
85234,Phoenix_Original
85282,Phoenix_Original
85255,Phoenix_Original
85331,Phoenix_Original
85258,Phoenix_Original
85255,Phoenix_Original
85022,Phoenix_Original
85207,Phoenix_Original
85118,Phoenix_Original
85286,Phoenix_Original
85345,Phoenix_Original
85303,Phoenix_Original
85048,Phoenix_Original
85226,Phoenix_Original
85392,Phoenix_Original
85027,Phoenix_Original
85284,Phoenix_Original
85035,Phoenix_Original
85259,Phoenix_Original
85340,Phoenix_Original
85340,Phoenix_Original
85086,Phoenix_Original
85028,Phoenix_Original
85295,Phoenix_Original
85298,Phoenix_Original
85212,Phoenix_Original
85375,Phoenix_Original
85140,Phoenix_Original
85296,Phoenix_Original
85297,Phoenix_Original
85234,Phoenix_Original
85308,Phoenix_Original
85254,Phoenix_Original
85308,Phoenix_Original
85085,Phoenix_Original
85396,Phoenix_Original
85023,Phoenix_Original
85234,Phoenix_Original
85013,Phoenix_Original
85268,Phoenix_Original
85212,Phoenix_Original
85387,Phoenix_Original
85388,Phoenix_Original
85207,Phoenix_Original
85283,Phoenix_Original
85050,Phoenix_Original
85283,Phoenix_Original
85053,Phoenix_Original
85395,Phoenix_Original
85388,Phoenix_Original
85254,Phoenix_Original
85203,Phoenix_Original
85035,Phoenix_Original
85203,Phoenix_Original
85051,Phoenix_Original
85014,Phoenix_Original
85041,Phoenix_Original
85120,Phoenix_Original
85355,Phoenix_Original
85043,Phoenix_Original
85308,Phoenix_Original
85053,Phoenix_Original
85308,Phoenix_Original
85308,Phoenix_Original
85248,Phoenix_Original
85308,Phoenix_Original
85205,Phoenix_Original
85308,Phoenix_Original
85022,Phoenix_Original
85255,Phoenix_Original
85308,Phoenix_Original
85296,Phoenix_Original
85233,Phoenix_Original
85379,Phoenix_Original
85284,Phoenix_Original
85085,Phoenix_Original
85142,Phoenix_Original
85395,Phoenix_Original
85282,Phoenix_Original
85331,Phoenix_Original
85262,Phoenix_Original
85142,Phoenix_Original
85255,Phoenix_Original
85249,Phoenix_Original
85087,Phoenix_Original
85044,Phoenix_Original
85395,Phoenix_Original
85396,Phoenix_Original
85021,Phoenix_Original
85035,Phoenix_Original
85297,Phoenix_Original
85258,Phoenix_Original
85032,Phoenix_Original
85249,Phoenix_Original
85201,Phoenix_Original
85044,Phoenix_Original
85041,Phoenix_Original
85339,Phoenix_Original
85213,Phoenix_Original
85045,Phoenix_Original
85215,Phoenix_Original
85212,Phoenix_Original
85021,Phoenix_Original
85028,Phoenix_Original
85257,Phoenix_Original
85283,Phoenix_Original
85224,Phoenix_Original
85255,Phoenix_Original
85028,Phoenix_Original
85351,Phoenix_Original
85234,Phoenix_Original
85209,Phoenix_Original
85296,Phoenix_Original
85284,Phoenix_Original
85331,Phoenix_Original
85013,Phoenix_Original
85260,Phoenix_Original
85259,Phoenix_Original
85262,Phoenix_Original
85212,Phoenix_Original
85085,Phoenix_Original
85305,Phoenix_Original
85396,Phoenix_Original
85028,Phoenix_Original
85018,Phoenix_Original
85310,Phoenix_Original
85395,Phoenix_Original
85202,Phoenix_Original
85355,Phoenix_Original
85203,Phoenix_Original
85308,Phoenix_Original
85233,Phoenix_Original
85308,Phoenix_Original
85024,Phoenix_Original
85024,Phoenix_Original
85295,Phoenix_Original
85262,Phoenix_Original
85339,Phoenix_Original
85255,Phoenix_Original
85085,Phoenix_Original
85295,Phoenix_Original
85297,Phoenix_Original
85248,Phoenix_Original
85013,Phoenix_Original
85018,Phoenix_Original
85035,Phoenix_Original
85255,Phoenix_Original
85258,Phoenix_Original
85201,Phoenix_Original
85250,Phoenix_Original
85388,Phoenix_Original
85258,Phoenix_Original
85331,Phoenix_Original
85086,Phoenix_Original
85381,Phoenix_Original
85043,Phoenix_Original
85295,Phoenix_Original
85295,Phoenix_Original
85225,Phoenix_Original
85331,Phoenix_Original
85338,Phoenix_Original
85254,Phoenix_Original
85266,Phoenix_Original
85297,Phoenix_Original
85048,Phoenix_Original
85224,Phoenix_Original
85251,Phoenix_Original
85255,Phoenix_Original
85042,Phoenix_Original
85042,Phoenix_Original
85053,Phoenix_Original
85396,Phoenix_Original
85250,Phoenix_Original
85021,Phoenix_Original
85028,Phoenix_Original
85255,Phoenix_Original
85053,Phoenix_Original
85022,Phoenix_Original
85213,Phoenix_Original
85213,Phoenix_Original
85382,Phoenix_Original
85051,Phoenix_Original
85048,Phoenix_Original
85048,Phoenix_Original
85028,Phoenix_Original
85392,Phoenix_Original
85286,Phoenix_Original
85260,Phoenix_Original
85326,Phoenix_Original
85284,Phoenix_Original
85257,Phoenix_Original
85282,Phoenix_Original
85308,Phoenix_Original
85204,Phoenix_Original
85339,Phoenix_Original
85282,Phoenix_Original
85085,Phoenix_Original
85042,Phoenix_Original
85207,Phoenix_Original
85331,Phoenix_Original
85254,Phoenix_Original
85044,Phoenix_Original
85286,Phoenix_Original
85086,Phoenix_Original
85003,Phoenix_Original
85051,Phoenix_Original
85226,Phoenix_Original
85345,Phoenix_Original
85258,Phoenix_Original
85045,Phoenix_Original
85024,Phoenix_Original
85248,Phoenix_Original
85260,Phoenix_Original
85286,Phoenix_Original
85381,Phoenix_Original
85382,Phoenix_Original
85345,Phoenix_Original
85207,Phoenix_Original
85215,Phoenix_Original
85268,Phoenix_Original
85308,Phoenix_Original
85022,Phoenix_Original
85086,Phoenix_Original
85254,Phoenix_Original
85234,Phoenix_Original
85248,Phoenix_Original
85006,Phoenix_Original
85018,Phoenix_Original
85323,Phoenix_Original
85203,Phoenix_Original
85302,Phoenix_Original
85041,Phoenix_Original
85382,Phoenix_Original
85296,Phoenix_Original
85255,Phoenix_Original
85224,Phoenix_Original
85283,Phoenix_Original
85283,Phoenix_Original
85012,Phoenix_Original
85297,Phoenix_Original
85226,Phoenix_Original
85021,Phoenix_Original
85020,Phoenix_Original
85339,Phoenix_Original
85248,Phoenix_Original
85266,Phoenix_Original
85339,Phoenix_Original
85339,Phoenix_Original
85044,Phoenix_Original
85014,Phoenix_Original
85260,Phoenix_Original
85260,Phoenix_Original
85226,Phoenix_Original
85212,Phoenix_Original
85295,Phoenix_Original
85283,Phoenix_Original
85254,Phoenix_Original
85142,Phoenix_Original
85331,Phoenix_Original
85340,Phoenix_Original
85215,Phoenix_Original
85048,Phoenix_Original
85051,Phoenix_Original
85042,Phoenix_Original
85262,Phoenix_Original
85308,Phoenix_Original
85225,Phoenix_Original
85048,Phoenix_Original
85140,Phoenix_Original
85051,Phoenix_Original
85045,Phoenix_Original
85388,Phoenix_Original
85249,Phoenix_Original
85215,Phoenix_Original
85205,Phoenix_Original
85339,Phoenix_Original
85014,Phoenix_Original
85210,Phoenix_Original
85253,Phoenix_Original
85018,Phoenix_Original
85016,Phoenix_Original
85286,Phoenix_Original
85339,Phoenix_Original
85233,Phoenix_Original
85326,Phoenix_Original
85268,Phoenix_Original
85257,Phoenix_Original
85018,Phoenix_Original
85028,Phoenix_Original
85258,Phoenix_Original
85303,Phoenix_Original
85050,Phoenix_Original
85310,Phoenix_Original
85283,Phoenix_Original
85042,Phoenix_Original
85037,Phoenix_Original
85286,Phoenix_Original
85248,Phoenix_Original
85204,Phoenix_Original
85283,Phoenix_Original
85260,Phoenix_Original
85226,Phoenix_Original
85021,Phoenix_Original
85044,Phoenix_Original
85016,Phoenix_Original
85085,Phoenix_Original
85303,Phoenix_Original
85308,Phoenix_Original
85006,Phoenix_Original
85338,Phoenix_Original
85050,Phoenix_Original
85260,Phoenix_Original
85388,Phoenix_Original
85249,Phoenix_Original
85142,Phoenix_Original
85286,Phoenix_Original
85295,Phoenix_Original
85009,Phoenix_Original
85310,Phoenix_Original
85259,Phoenix_Original
85396,Phoenix_Original
85248,Phoenix_Original
85308,Phoenix_Original
85282,Phoenix_Original
85249,Phoenix_Original
85210,Phoenix_Original
85202,Phoenix_Original
85140,Phoenix_Original
85339,Phoenix_Original
85142,Phoenix_Original
85048,Phoenix_Original
85206,Phoenix_Original
85015,Phoenix_Original
85323,Phoenix_Original
85209,Phoenix_Original
85286,Phoenix_Original
85040,Phoenix_Original
85050,Phoenix_Original
85022,Phoenix_Original
85259,Phoenix_Original
85226,Phoenix_Original
85050,Phoenix_Original
85254,Phoenix_Original
85085,Phoenix_Original
85086,Phoenix_Original
85284,Phoenix_Original
85012,Phoenix_Original
85053,Phoenix_Original
85044,Phoenix_Original
85023,Phoenix_Original
85304,Phoenix_Original
85029,Phoenix_Original
85006,Phoenix_Original
85254,Phoenix_Original
85296,Phoenix_Original
85020,Phoenix_Original
85251,Phoenix_Original
85226,Phoenix_Original
85286,Phoenix_Original
85248,Phoenix_Original
85338,Phoenix_Original
85224,Phoenix_Original
85379,Phoenix_Original
85042,Phoenix_Original
85353,Phoenix_Original
85259,Phoenix_Original
85302,Phoenix_Original
85284,Phoenix_Original
85003,Phoenix_Original
85251,Phoenix_Original
85120,Phoenix_Original
85392,Phoenix_Original
85257,Phoenix_Original
85050,Phoenix_Original
85083,Phoenix_Original
85029,Phoenix_Original
85248,Phoenix_Original
85383,Phoenix_Original
85044,Phoenix_Original
85302,Phoenix_Original
85345,Phoenix_Original
85029,Phoenix_Original
85298,Phoenix_Original
85048,Phoenix_Original
85255,Phoenix_Original
85281,Phoenix_Original
85041,Phoenix_Original
85041,Phoenix_Original
85339,Phoenix_Original
85207,Phoenix_Original
85053,Phoenix_Original
85306,Phoenix_Original
85338,Phoenix_Original
85142,Phoenix_Original
85142,Phoenix_Original
85308,Phoenix_Original
85008,Phoenix_Original
85379,Phoenix_Original
85296,Phoenix_Original
85383,Phoenix_Original
85295,Phoenix_Original
85203,Phoenix_Original
85022,Phoenix_Original
85041,Phoenix_Original
85224,Phoenix_Original
85255,Phoenix_Original
85296,Phoenix_Original
85205,Phoenix_Original
85295,Phoenix_Original
85003,Phoenix_Original
85266,Phoenix_Original
85207,Phoenix_Original
85297,Phoenix_Original
85207,Phoenix_Original
85253,Phoenix_Original
85302,Phoenix_Original
85382,Phoenix_Original
85254,Phoenix_Original
85296,Phoenix_Original
85281,Phoenix_Original
85339,Phoenix_Original
85213,Phoenix_Original
85203,Phoenix_Original
85037,Phoenix_Original
85331,Phoenix_Original
85018,Phoenix_Original
85207,Phoenix_Original
85012,Phoenix_Original
85254,Phoenix_Original
85282,Phoenix_Original
85286,Phoenix_Original
85340,Phoenix_Original
85382,Phoenix_Original
85022,Phoenix_Original
85331,Phoenix_Original
85209,Phoenix_Original
85042,Phoenix_Original
85234,Phoenix_Original
85022,Phoenix_Original
85255,Phoenix_Original
85024,Phoenix_Original
85255,Phoenix_Original
85302,Phoenix_Original
85331,Phoenix_Original
85203,Phoenix_Original
85234,Phoenix_Original
85022,Phoenix_Original
85085,Phoenix_Original
85042,Phoenix_Original
85308,Phoenix_Original
85331,Phoenix_Original
85303,Phoenix_Original
85035,Phoenix_Original
85203,Phoenix_Original
85018,Phoenix_Original
85233,Phoenix_Original
85234,Phoenix_Original
85205,Phoenix_Original
85310,Phoenix_Original
85027,Phoenix_Original
85310,Phoenix_Original
85234,Phoenix_Original
85395,Phoenix_Original
85392,Phoenix_Original
85339,Phoenix_Original
85339,Phoenix_Original
85304,Phoenix_Original
85296,Phoenix_Original
85260,Phoenix_Original
85021,Phoenix_Original
85305,Phoenix_Original
85053,Phoenix_Original
85020,Phoenix_Original
85027,Phoenix_Original
85018,Phoenix_Original
85042,Phoenix_Original
85283,Phoenix_Original
85259,Phoenix_Original
85259,Phoenix_Original
85383,Phoenix_Original
85044,Phoenix_Original
85234,Phoenix_Original
85373,Phoenix_Original
85306,Phoenix_Original
85339,Phoenix_Original
85382,Phoenix_Original
85340,Phoenix_Original
85254,Phoenix_Original
85051,Phoenix_Original
85266,Phoenix_Original
85303,Phoenix_Original
85256,Phoenix_Original
85142,Phoenix_Original
85392,Phoenix_Original
85282,Phoenix_Original
85281,Phoenix_Original
85120,Phoenix_Original
85022,Phoenix_Original
85028,Phoenix_Original
85378,Phoenix_Original
85286,Phoenix_Original
85257,Phoenix_Original
85041,Phoenix_Original
85140,Phoenix_Original
85254,Phoenix_Original
85301,Phoenix_Original
85249,Phoenix_Original
85262,Phoenix_Original
85383,Phoenix_Original
85207,Phoenix_Original
85042,Phoenix_Original
85298,Phoenix_Original
85207,Phoenix_Original
85028,Phoenix_Original
85296,Phoenix_Original
85310,Phoenix_Original
85260,Phoenix_Original
85308,Phoenix_Original
85053,Phoenix_Original
85022,Phoenix_Original
85338,Phoenix_Original
85286,Phoenix_Original
85283,Phoenix_Original
85044,Phoenix_Original
85249,Phoenix_Original
85045,Phoenix_Original
85050,Phoenix_Original
85255,Phoenix_Original
85213,Phoenix_Original
85233,Phoenix_Original
85262,Phoenix_Original
85378,Phoenix_Original
85051,Phoenix_Original
85379,Phoenix_Original
85021,Phoenix_Original
85259,Phoenix_Original
85203,Phoenix_Original
85345,Phoenix_Original
85266,Phoenix_Original
85335,Phoenix_Original
85016,Phoenix_Original
85042,Phoenix_Original
85028,Phoenix_Original
85297,Phoenix_Original
85382,Phoenix_Original
85340,Phoenix_Original
85226,Phoenix_Original
85254,Phoenix_Original
85254,Phoenix_Original
85255,Phoenix_Original
85268,Phoenix_Original
85048,Phoenix_Original
85201,Phoenix_Original
85331,Phoenix_Original
85304,Phoenix_Original
85224,Phoenix_Original
85388,Phoenix_Original
85014,Phoenix_Original
85374,Phoenix_Original
85017,Phoenix_Original
85234,Phoenix_Original
85205,Phoenix_Original
85383,Phoenix_Original
85310,Phoenix_Original
85260,Phoenix_Original
85249,Phoenix_Original
85048,Phoenix_Original
85087,Phoenix_Original
85395,Phoenix_Original
85028,Phoenix_Original
85283,Phoenix_Original
85213,Phoenix_Original
85260,Phoenix_Original
85396,Phoenix_Original
85032,Phoenix_Original
85257,Phoenix_Original
85308,Phoenix_Original
85212,Phoenix_Original
85296,Phoenix_Original
85295,Phoenix_Original
85262,Phoenix_Original
85284,Phoenix_Original
85268,Phoenix_Original
85042,Phoenix_Original
85224,Phoenix_Original
85226,Phoenix_Original
85260,Phoenix_Original
85029,Phoenix_Original
85205,Phoenix_Original
85207,Phoenix_Original
85304,Phoenix_Original
85202,Phoenix_Original
85249,Phoenix_Original
85032,Phoenix_Original
85020,Phoenix_Original
85258,Phoenix_Original
85234,Phoenix_Original
85382,Phoenix_Original
85268,Phoenix_Original
85255,Phoenix_Original
85023,Phoenix_Original
85022,Phoenix_Original
85266,Phoenix_Original
85048,Phoenix_Original
85258,Phoenix_Original
85041,Phoenix_Original
85249,Phoenix_Original
85254,Phoenix_Original
85257,Phoenix_Original
85018,Phoenix_Original
85373,Phoenix_Original
85254,Phoenix_Original
85212,Phoenix_Original
85207,Phoenix_Original
85202,Phoenix_Original
85255,Phoenix_Original
85213,Phoenix_Original
85254,Phoenix_Original
85022,Phoenix_Original
85018,Phoenix_Original
85253,Phoenix_Original
85383,Phoenix_Original
85140,Phoenix_Original
85339,Phoenix_Original
85009,Phoenix_Original
85009,Phoenix_Original
85308,Phoenix_Original
85249,Phoenix_Original
85298,Phoenix_Original
85254,Phoenix_Original
85022,Phoenix_Original
85024,Phoenix_Original
85212,Phoenix_Original
85021,Phoenix_Original
85234,Phoenix_Original
85259,Phoenix_Original
85233,Phoenix_Original
85331,Phoenix_Original
85255,Phoenix_Original
85258,Phoenix_Original
85355,Phoenix_Original
85028,Phoenix_Original
85044,Phoenix_Original
85050,Phoenix_Original
85338,Phoenix_Original
85339,Phoenix_Original
85041,Phoenix_Original
85260,Phoenix_Original
85255,Phoenix_Original
85016,Phoenix_Original
85014,Phoenix_Original
85254,Phoenix_Original
85233,Phoenix_Original
85012,Phoenix_Original
85028,Phoenix_Original
85207,Phoenix_Original
85142,Phoenix_Original
85008,Phoenix_Original
85382,Phoenix_Original
85209,Phoenix_Original
85331,Phoenix_Original
85042,Phoenix_Original
85254,Phoenix_Original
85382,Phoenix_Original
85254,Phoenix_Original
85297,Phoenix_Original
85215,Phoenix_Original
85381,Phoenix_Original
85012,Phoenix_Original
85339,Phoenix_Original
85048,Phoenix_Original
85255,Phoenix_Original
85284,Phoenix_Original
85209,Phoenix_Original
85249,Phoenix_Original
85260,Phoenix_Original
85248,Phoenix_Original
85212,Phoenix_Original
85298,Phoenix_Original
85254,Phoenix_Original
85254,Phoenix_Original
85295,Phoenix_Original
85259,Phoenix_Original
85296,Phoenix_Original
85340,Phoenix_Original
85257,Phoenix_Original
85338,Phoenix_Original
85225,Phoenix_Original
85304,Phoenix_Original
85304,Phoenix_Original
85382,Phoenix_Original
85207,Phoenix_Original
85254,Phoenix_Original
85014,Phoenix_Original
85249,Phoenix_Original
85210,Phoenix_Original
85304,Phoenix_Original
85306,Phoenix_Original
85048,Phoenix_Original
85022,Phoenix_Original
85018,Phoenix_Original
85225,Phoenix_Original
85226,Phoenix_Original
85053,Phoenix_Original
85286,Phoenix_Original
85282,Phoenix_Original
85086,Phoenix_Original
85015,Phoenix_Original
85041,Phoenix_Original
85255,Phoenix_Original
85282,Phoenix_Original
85048,Phoenix_Original
85142,Phoenix_Original
85021,Phoenix_Original
85331,Phoenix_Original
85249,Phoenix_Original
85260,Phoenix_Original
85383,Phoenix_Original
85249,Phoenix_Original
85308,Phoenix_Original
85304,Phoenix_Original
85283,Phoenix_Original
85086,Phoenix_Original
85255,Phoenix_Original
85340,Phoenix_Original
85258,Phoenix_Original
85248,Phoenix_Original
85086,Phoenix_Original
85301,Phoenix_Original
85019,Phoenix_Original
85396,Phoenix_Original
85373,Phoenix_Original
85042,Phoenix_Original
85345,Phoenix_Original
85031,Phoenix_Original
85213,Phoenix_Original
85213,Phoenix_Original
85296,Phoenix_Original
85142,Phoenix_Original
85383,Phoenix_Original
85381,Phoenix_Original
85281,Phoenix_Original
85258,Phoenix_Original
85286,Phoenix_Original
85086,Phoenix_Original
85249,Phoenix_Original
85283,Phoenix_Original
85331,Phoenix_Original
85118,Phoenix_Original
85251,Phoenix_Original
85053,Phoenix_Original
85249,Phoenix_Original
85016,Phoenix_Original
85388,Phoenix_Original
85249,Phoenix_Original
85050,Phoenix_Original
85234,Phoenix_Original
85207,Phoenix_Original
85204,Phoenix_Original
85310,Phoenix_Original
85250,Phoenix_Original
85266,Phoenix_Original
85248,Phoenix_Original
85207,Phoenix_Original
85395,Phoenix_Original
85021,Phoenix_Original
85225,Phoenix_Original
85023,Phoenix_Original
85233,Phoenix_Original
85233,Phoenix_Original
85008,Phoenix_Original
85255,Phoenix_Original
85054,Phoenix_Original
85355,Phoenix_Original
85225,Phoenix_Original
85284,Phoenix_Original
85208,Phoenix_Original
85020,Phoenix_Original
85043,Phoenix_Original
85037,Phoenix_Original
85305,Phoenix_Original
85249,Phoenix_Original
85207,Phoenix_Original
85323,Phoenix_Original
85029,Phoenix_Original
85381,Phoenix_Original
85042,Phoenix_Original
85266,Phoenix_Original
85014,Phoenix_Original
85308,Phoenix_Original
85254,Phoenix_Original
85282,Phoenix_Original
85234,Phoenix_Original
85258,Phoenix_Original
85021,Phoenix_Original
85295,Phoenix_Original
85029,Phoenix_Original
85374,Phoenix_Original
85286,Phoenix_Original
85028,Phoenix_Original
85282,Phoenix_Original
85029,Phoenix_Original
85296,Phoenix_Original
85259,Phoenix_Original
85282,Phoenix_Original
85345,Phoenix_Original
85253,Phoenix_Original
85308,Phoenix_Original
85339,Phoenix_Original
85383,Phoenix_Original
85021,Phoenix_Original
85048,Phoenix_Original
85284,Phoenix_Original
85224,Phoenix_Original
85207,Phoenix_Original
85388,Phoenix_Original
85323,Phoenix_Original
85142,Phoenix_Original
85308,Phoenix_Original
85050,Phoenix_Original
85308,Phoenix_Original
85212,Phoenix_Original
85355,Phoenix_Original
85029,Phoenix_Original
85205,Phoenix_Original
85209,Phoenix_Original
85018,Phoenix_Original
85226,Phoenix_Original
85226,Phoenix_Original
85032,Phoenix_Original
85224,Phoenix_Original
85022,Phoenix_Original
85373,Phoenix_Original
85213,Phoenix_Original
85140,Phoenix_Original
85023,Phoenix_Original
85331,Phoenix_Original
85381,Phoenix_Original
85019,Phoenix_Original
85028,Phoenix_Original
85302,Phoenix_Original
85301,Phoenix_Original
85226,Phoenix_Original
85254,Phoenix_Original
85249,Phoenix_Original
85119,Phoenix_Original
85207,Phoenix_Original
85087,Phoenix_Original
85234,Phoenix_Original
85018,Phoenix_Original
85298,Phoenix_Original
85020,Phoenix_Original
85140,Phoenix_Original
85207,Phoenix_Original
85142,Phoenix_Original
85259,Phoenix_Original
85018,Phoenix_Original
85226,Phoenix_Original
85259,Phoenix_Original
85006,Phoenix_Original
85021,Phoenix_Original
85286,Phoenix_Original
85086,Phoenix_Original
85255,Phoenix_Original
85340,Phoenix_Original
85383,Phoenix_Original
85213,Phoenix_Original
85284,Phoenix_Original
85308,Phoenix_Original
85255,Phoenix_Original
85207,Phoenix_Original
85042,Phoenix_Original
85295,Phoenix_Original
85254,Phoenix_Original
85345,Phoenix_Original
85142,Phoenix_Original
85207,Phoenix_Original
85053,Phoenix_Original
85304,Phoenix_Original
85260,Phoenix_Original
85339,Phoenix_Original
85254,Phoenix_Original
85012,Phoenix_Original
85266,Phoenix_Original
85345,Phoenix_Original
85142,Phoenix_Original
85202,Phoenix_Original
85225,Phoenix_Original
85048,Phoenix_Original
85286,Phoenix_Original
85254,Phoenix_Original
85029,Phoenix_Original
85207,Phoenix_Original
85268,Phoenix_Original
85023,Phoenix_Original
85205,Phoenix_Original
85345,Phoenix_Original
85381,Phoenix_Original
85213,Phoenix_Original
85262,Phoenix_Original
85383,Phoenix_Original
85266,Phoenix_Original
85304,Phoenix_Original
85023,Phoenix_Original
85023,Phoenix_Original
85303,Phoenix_Original
85013,Phoenix_Original
85209,Phoenix_Original
85042,Phoenix_Original
85209,Phoenix_Original
85260,Phoenix_Original
85051,Phoenix_Original
85050,Phoenix_Original
85339,Phoenix_Original
85016,Phoenix_Original
85032,Phoenix_Original
85379,Phoenix_Original
85374,Phoenix_Original
85083,Phoenix_Original
85374,Phoenix_Original
85308,Phoenix_Original
85345,Phoenix_Original
85295,Phoenix_Original
85258,Phoenix_Original
85259,Phoenix_Original
85042,Phoenix_Original
85331,Phoenix_Original
85027,Phoenix_Original
85233,Phoenix_Original
85028,Phoenix_Original
85249,Phoenix_Original
85042,Phoenix_Original
85255,Phoenix_Original
85297,Phoenix_Original
85338,Phoenix_Original
85326,Phoenix_Original
85257,Phoenix_Original
85202,Phoenix_Original
85382,Phoenix_Original
85388,Phoenix_Original
85042,Phoenix_Original
85027,Phoenix_Original
85248,Phoenix_Original
85225,Phoenix_Original
85340,Phoenix_Original
85339,Phoenix_Original
85086,Phoenix_Original
85226,Phoenix_Original
85262,Phoenix_Original
85210,Phoenix_Original
85383,Phoenix_Original
85015,Phoenix_Original
85207,Phoenix_Original
85249,Phoenix_Original
85007,Phoenix_Original
85249,Phoenix_Original
85295,Phoenix_Original
85283,Phoenix_Original
85308,Phoenix_Original
85083,Phoenix_Original
85251,Phoenix_Original
85213,Phoenix_Original
85021,Phoenix_Original
85395,Phoenix_Original
85257,Phoenix_Original
85283,Phoenix_Original
85396,Phoenix_Original
85255,Phoenix_Original
85234,Phoenix_Original
85310,Phoenix_Original
85209,Phoenix_Original
85255,Phoenix_Original
85253,Phoenix_Original
85259,Phoenix_Original
85249,Phoenix_Original
85016,Phoenix_Original
85021,Phoenix_Original
85212,Phoenix_Original
85085,Phoenix_Original
85257,Phoenix_Original
85253,Phoenix_Original
85042,Phoenix_Original
85032,Phoenix_Original
85395,Phoenix_Original
85260,Phoenix_Original
85387,Phoenix_Original
85020,Phoenix_Original
85353,Phoenix_Original
85255,Phoenix_Original
85020,Phoenix_Original
85119,Phoenix_Original
85339,Phoenix_Original
85053,Phoenix_Original
85085,Phoenix_Original
85032,Phoenix_Original
85266,Phoenix_Original
85308,Phoenix_Original
85282,Phoenix_Original
85024,Phoenix_Original
85048,Phoenix_Original
85379,Phoenix_Original
85282,Phoenix_Original
85381,Phoenix_Original
85085,Phoenix_Original
85379,Phoenix_Original
85379,Phoenix_Original
85086,Phoenix_Original
85029,Phoenix_Original
85248,Phoenix_Original
85020,Phoenix_Original
85007,Phoenix_Original
85392,Phoenix_Original
85255,Phoenix_Original
85032,Phoenix_Original
85213,Phoenix_Original
85383,Phoenix_Original
85042,Phoenix_Original
85085,Phoenix_Original
85050,Phoenix_Original
85210,Phoenix_Original
85020,Phoenix_Original
85298,Phoenix_Original
85249,Phoenix_Original
85254,Phoenix_Original
85345,Phoenix_Original
85050,Phoenix_Original
85213,Phoenix_Original
85355,Phoenix_Original
85037,Phoenix_Original
85234,Phoenix_Original
85206,Phoenix_Original
85383,Phoenix_Original
85301,Phoenix_Original
85297,Phoenix_Original
85383,Phoenix_Original
85255,Phoenix_Original
85388,Phoenix_Original
85382,Phoenix_Original
85331,Phoenix_Original
85028,Phoenix_Original
85029,Phoenix_Original
85225,Phoenix_Original
85284,Phoenix_Original
85338,Phoenix_Original
85396,Phoenix_Original
85226,Phoenix_Original
85044,Phoenix_Original
85209,Phoenix_Original
85249,Phoenix_Original
85225,Phoenix_Original
85373,Phoenix_Original
85021,Phoenix_Original
85041,Phoenix_Original
85248,Phoenix_Original
85304,Phoenix_Original
85259,Phoenix_Original
85295,Phoenix_Original
85383,Phoenix_Original
85207,Phoenix_Original
85213,Phoenix_Original
85381,Phoenix_Original
85027,Phoenix_Original
85286,Phoenix_Original
85250,Phoenix_Original
85203,Phoenix_Original
85345,Phoenix_Original
85255,Phoenix_Original
85345,Phoenix_Original
85224,Phoenix_Original
85248,Phoenix_Original
85286,Phoenix_Original
85215,Phoenix_Original
85282,Phoenix_Original
85282,Phoenix_Original
85249,Phoenix_Original
85207,Phoenix_Original
85021,Phoenix_Original
85257,Phoenix_Original
85254,Phoenix_Original
85302,Phoenix_Original
85210,Phoenix_Original
85254,Phoenix_Original
85021,Phoenix_Original
85259,Phoenix_Original
85254,Phoenix_Original
85266,Phoenix_Original
85395,Phoenix_Original
85283,Phoenix_Original
85284,Phoenix_Original
85248,Phoenix_Original
85032,Phoenix_Original
85024,Phoenix_Original
85308,Phoenix_Original
85020,Phoenix_Original
85044,Phoenix_Original
85308,Phoenix_Original
85338,Phoenix_Original
85020,Phoenix_Original
85310,Phoenix_Original
85028,Phoenix_Original
85254,Phoenix_Original
85207,Phoenix_Original
85249,Phoenix_Original
85212,Phoenix_Original
85338,Phoenix_Original
85018,Phoenix_Original
85383,Phoenix_Original
85053,Phoenix_Original
85255,Phoenix_Original
85054,Phoenix_Original
85392,Phoenix_Original
85215,Phoenix_Original
85015,Phoenix_Original
85284,Phoenix_Original
85339,Phoenix_Original
85028,Phoenix_Original
85018,Phoenix_Original
85008,Phoenix_Original
85226,Phoenix_Original
85050,Phoenix_Original
85041,Phoenix_Original
85254,Phoenix_Original
85027,Phoenix_Original
85286,Phoenix_Original
85048,Phoenix_Original
85083,Phoenix_Original
85018,Phoenix_Original
85262,Phoenix_Original
85340,Phoenix_Original
85022,Phoenix_Original
85283,Phoenix_Original
85396,Phoenix_Original
85306,Phoenix_Original
85298,Phoenix_Original
85249,Phoenix_Original
85304,Phoenix_Original
85248,Phoenix_Original
85224,Phoenix_Original
85248,Phoenix_Original
85249,Phoenix_Original
85255,Phoenix_Original
85209,Phoenix_Original
85003,Phoenix_Original
85283,Phoenix_Original
85254,Phoenix_Original
85296,Phoenix_Original
85295,Phoenix_Original
85340,Phoenix_Original
85022,Phoenix_Original
85254,Phoenix_Original
85298,Phoenix_Original
85050,Phoenix_Original
85016,Phoenix_Original
85207,Phoenix_Original
85213,Phoenix_Original
85254,Phoenix_Original
85388,Phoenix_Original
85024,Phoenix_Original
85233,Phoenix_Original
85024,Phoenix_Original
85254,Phoenix_Original
85225,Phoenix_Original
85286,Phoenix_Original
85029,Phoenix_Original
85224,Phoenix_Original
85284,Phoenix_Original
85335,Phoenix_Original
85018,Phoenix_Original
85340,Phoenix_Original
85382,Phoenix_Original
85340,Phoenix_Original
85254,Phoenix_Original
85388,Phoenix_Original
85023,Phoenix_Original
85206,Phoenix_Original
85339,Phoenix_Original
85018,Phoenix_Original
85014,Phoenix_Original
85041,Phoenix_Original
85308,Phoenix_Original
85306,Phoenix_Original
85020,Phoenix_Original
85306,Phoenix_Original
85020,Phoenix_Original
85383,Phoenix_Original
85003,Phoenix_Original
85308,Phoenix_Original
85284,Phoenix_Original
85042,Phoenix_Original
85202,Phoenix_Original
85286,Phoenix_Original
85048,Phoenix_Original
85234,Phoenix_Original
85224,Phoenix_Original
85308,Phoenix_Original
85251,Phoenix_Original
85086,Phoenix_Original
85250,Phoenix_Original
85015,Phoenix_Original
85355,Phoenix_Original
85284,Phoenix_Original
85140,Phoenix_Original
85379,Phoenix_Original
85283,Phoenix_Original
85258,Phoenix_Original
85021,Phoenix_Original
85086,Phoenix_Original
85213,Phoenix_Original
85202,Phoenix_Original
85303,Phoenix_Original
85027,Phoenix_Original
85306,Phoenix_Original
85210,Phoenix_Original
85254,Phoenix_Original
85297,Phoenix_Original
85023,Phoenix_Original
85013,Phoenix_Original
85262,Phoenix_Original
85283,Phoenix_Original
85044,Phoenix_Original
85003,Phoenix_Original
85331,Phoenix_Original
85255,Phoenix_Original
85254,Phoenix_Original
85392,Phoenix_Original
85050,Phoenix_Original
85254,Phoenix_Original
85295,Phoenix_Original
85032,Phoenix_Original
85295,Phoenix_Original
85345,Phoenix_Original
85042,Phoenix_Original
85295,Phoenix_Original
85353,Phoenix_Original
85339,Phoenix_Original
85015,Phoenix_Original
85048,Phoenix_Original
85355,Phoenix_Original
85379,Phoenix_Original
85042,Phoenix_Original
85041,Phoenix_Original
85308,Phoenix_Original
85212,Phoenix_Original
85296,Phoenix_Original
85296,Phoenix_Original
85018,Phoenix_Original
85019,Phoenix_Original
85284,Phoenix_Original
85304,Phoenix_Original
85258,Phoenix_Original
85260,Phoenix_Original
85224,Phoenix_Original
85253,Phoenix_Original
85253,Phoenix_Original
85015,Phoenix_Original
85083,Phoenix_Original
85304,Phoenix_Original
85257,Phoenix_Original
85233,Phoenix_Original
85304,Phoenix_Original
85254,Phoenix_Original
85204,Phoenix_Original
85396,Phoenix_Original
85207,Phoenix_Original
85396,Phoenix_Original
85304,Phoenix_Original
85260,Phoenix_Original
85339,Phoenix_Original
85302,Phoenix_Original
85048,Phoenix_Original
85338,Phoenix_Original
85053,Phoenix_Original
85266,Phoenix_Original
85224,Phoenix_Original
85248,Phoenix_Original
85257,Phoenix_Original
85383,Phoenix_Original
85014,Phoenix_Original
85042,Phoenix_Original
85254,Phoenix_Original
85086,Phoenix_Original
85339,Phoenix_Original
85035,Phoenix_Original
85018,Phoenix_Original
85249,Phoenix_Original
85353,Phoenix_Original
85018,Phoenix_Original
85018,Phoenix_Original
85250,Phoenix_Original
85032,Phoenix_Original
85268,Phoenix_Original
85033,Phoenix_Original
85353,Phoenix_Original
85029,Phoenix_Original
85254,Phoenix_Original
85249,Phoenix_Original
85283,Phoenix_Original
85258,Phoenix_Original
85037,Phoenix_Original
85323,Phoenix_Original
85037,Phoenix_Original
85022,Phoenix_Original
85248,Phoenix_Original
85207,Phoenix_Original
85205,Phoenix_Original
85041,Phoenix_Original
85339,Phoenix_Original
85308,Phoenix_Original
85022,Phoenix_Original
85207,Phoenix_Original
85305,Phoenix_Original
85345,Phoenix_Original
85250,Phoenix_Original
85395,Phoenix_Original
85283,Phoenix_Original
85048,Phoenix_Original
85041,Phoenix_Original
85233,Phoenix_Original
85016,Phoenix_Original
85254,Phoenix_Original
85251,Phoenix_Original
85048,Phoenix_Original
85296,Phoenix_Original
85383,Phoenix_Original
85304,Phoenix_Original
85282,Phoenix_Original
85338,Phoenix_Original
85281,Phoenix_Original
85224,Phoenix_Original
85212,Phoenix_Original
85296,Phoenix_Original
85206,Phoenix_Original
85020,Phoenix_Original
85085,Phoenix_Original
85207,Phoenix_Original
85296,Phoenix_Original
85296,Phoenix_Original
85206,Phoenix_Original
85226,Phoenix_Original
85310,Phoenix_Original
85248,Phoenix_Original
85043,Phoenix_Original
85233,Phoenix_Original
85254,Phoenix_Original
85286,Phoenix_Original
85338,Phoenix_Original
85048,Phoenix_Original
85041,Phoenix_Original
85234,Phoenix_Original
85339,Phoenix_Original
85213,Phoenix_Original
85301,Phoenix_Original
85323,Phoenix_Original
85295,Phoenix_Original
85254,Phoenix_Original
85295,Phoenix_Original
85310,Phoenix_Original
85201,Phoenix_Original
85286,Phoenix_Original
85122,Tucson_Moved
85122,Tucson_Moved
85641,Tucson_Moved
85706,Tucson_Moved
85131,Tucson_Moved
85128,Tucson_Moved
85122,Tucson_Moved
85122,Tucson_Moved
85122,Tucson_Moved
85138,Tucson_Moved
85122,Tucson_Moved
85194,Tucson_Moved
85122,Tucson_Moved
85658,Tucson_Moved
85122,Tucson_Moved
85123,Tucson_Moved
85123,Tucson_Moved
85128,Tucson_Moved
85122,Tucson_Moved
85122,Tucson_Moved
85122,Tucson_Moved
85128,Tucson_Moved
85131,Tucson_Moved
85122,Tucson_Moved
85122,Tucson_Moved
85122,Tucson_Moved
85123,Tucson_Moved
85122,Tucson_Moved
85658,Tucson_Moved
85122,Tucson_Moved
85139,Tucson_Moved
85131,Tucson_Moved
85122,Tucson_Moved
85123,Tucson_Moved
85193,Tucson_Moved
85138,Tucson_Moved
85128,Tucson_Moved
85193,Tucson_Moved
85194,Tucson_Moved
85122,Tucson_Moved
85139,Tucson_Moved
85122,Tucson_Moved
85122,Tucson_Moved
85194,Tucson_Moved
85122,Tucson_Moved
85194,Tucson_Moved
85122,Tucson_Moved
85128,Tucson_Moved
85122,Tucson_Moved
85128,Tucson_Moved
85194,Tucson_Moved
85122,Tucson_Moved
85143,Tucson_Moved
85128,Tucson_Moved
85122,Tucson_Moved
85122,Tucson_Moved
85653,Tucson_Moved
85123,Tucson_Moved
85122,Tucson_Moved
85138,Tucson_Moved
85122,Tucson_Moved
85122,Tucson_Moved
85122,Tucson_Moved
85122,Tucson_Moved
85122,Tucson_Moved
85122,Tucson_Moved
85122,Tucson_Moved
85122,Tucson_Moved
85128,Tucson_Moved
85143,Tucson_Moved
85194,Tucson_Moved
85143,Tucson_Moved
85122,Tucson_Moved
85122,Tucson_Moved
85132,Tucson_Moved
85122,Tucson_Moved
85138,Tucson_Moved
85122,Tucson_Moved
85122,Tucson_Moved
85641,Tucson_Moved
85122,Tucson_Moved
85138,Tucson_Moved
85122,Tucson_Moved
85123,Tucson_Moved
85138,Tucson_Moved
85122,Tucson_Moved
85122,Tucson_Moved
85138,Tucson_Moved
85194,Tucson_Moved
85143,Tucson_Moved
85193,Tucson_Moved
85132,Tucson_Moved
85122,Tucson_Moved
85658,Tucson_Moved
85128,Tucson_Moved
85122,Tucson_Moved
85138,Tucson_Moved
85131,Tucson_Moved
85122,Tucson_Moved
85122,Tucson_Moved
85122,Tucson_Moved
85122,Tucson_Moved
85122,Tucson_Moved
85122,Tucson_Moved
85122,Tucson_Moved
85139,Tucson_Moved
85194,Tucson_Moved
85122,Tucson_Moved
85193,Tucson_Moved
85122,Tucson_Moved
85122,Tucson_Moved
85122,Tucson_Moved
85122,Tucson_Moved
85139,Tucson_Moved
85122,Tucson_Moved
85122,Tucson_Moved
85128,Tucson_Moved
85122,Tucson_Moved
85122,Tucson_Moved
85122,Tucson_Moved
85123,Tucson_Moved
85122,Tucson_Moved
85138,Tucson_Moved
85123,Tucson_Moved
85122,Tucson_Moved
85122,Tucson_Moved
85122,Tucson_Moved
85122,Tucson_Moved
85138,Tucson_Moved
85122,Tucson_Moved
85138,Tucson_Moved
85122,Tucson_Moved
85143,Tucson_Moved
85123,Tucson_Moved
85139,Tucson_Moved
85658,Tucson_Moved
85131,Tucson_Moved
85122,Tucson_Moved
85122,Tucson_Moved
85143,Tucson_Moved
85122,Tucson_Moved
85122,Tucson_Moved
85122,Tucson_Moved
85122,Tucson_Moved
85122,Tucson_Moved
85122,Tucson_Moved
85658,Tucson_Moved
85194,Tucson_Moved
85122,Tucson_Moved
85128,Tucson_Moved
85194,Tucson_Moved
85128,Tucson_Moved
85122,Tucson_Moved
85122,Tucson_Moved
85122,Tucson_Moved
85122,Tucson_Moved
85122,Tucson_Moved
85122,Tucson_Moved
85123,Tucson_Moved
85139,Tucson_Moved
85138,Tucson_Moved
85122,Tucson_Moved
85194,Tucson_Moved
85131,Tucson_Moved
85122,Tucson_Moved
85122,Tucson_Moved
85122,Tucson_Moved
85143,Tucson_Moved
